Country Name,Country Code,Series Name,Series Code,2016 [YR2016],2017 [YR2017],2018 [YR2018],2019 [YR2019],2020 [YR2020]
Argentina,ARG,Tax revenue (% of GDP),GC.TAX.TOTL.GD.ZS,12.0972836411962,10.939623860491,9.99239008384335,10.4759215719336,10.758498148152
Australia,AUS,Tax revenue (% of GDP),GC.TAX.TOTL.GD.ZS,22.2743077338841,22.0857675207496,23.1935173358308,23.4177085110275,22.5960261824879
Brazil,BRA,Tax revenue (% of GDP),GC.TAX.TOTL.GD.ZS,13.7104309816062,13.605228515206,13.9401079935106,13.7376948362641,12.9612195690296
China,CHN,Tax revenue (% of GDP),GC.TAX.TOTL.GD.ZS,9.12291556057604,9.41931765253305,9.05268573156305,8.49286376989869,8.09062623388489
France,FRA,Tax revenue (% of GDP),GC.TAX.TOTL.GD.ZS,23.0648275010082,23.6293346543377,24.1708437248498,24.5146627776513,24.7758439505658
Germany,DEU,Tax revenue (% of GDP),GC.TAX.TOTL.GD.ZS,11.2961202523973,11.419122418247,11.4506838170233,11.4108281630127,10.66701112972
India,IND,Tax revenue (% of GDP),GC.TAX.TOTL.GD.ZS,11.1477384183764,11.3874439798131,12.0174277483166,..,..
Indonesia,IDN,Tax revenue (% of GDP),GC.TAX.TOTL.GD.ZS,10.3363487033276,9.8772930803788,10.230143021132,9.75196180827865,8.31297738716646
Italy,ITA,Tax revenue (% of GDP),GC.TAX.TOTL.GD.ZS,25.0703095459877,24.683679444024,24.2381807022638,24.576905989412,24.8454293454274
Japan,JPN,Tax revenue (% of GDP),GC.TAX.TOTL.GD.ZS,..,..,..,..,..
"Korea, Rep.",KOR,Tax revenue (% of GDP),GC.TAX.TOTL.GD.ZS,13.981952981677,14.4938185341627,15.5363837327673,15.1995665314457,14.9194818433207
Mexico,MEX,Tax revenue (% of GDP),GC.TAX.TOTL.GD.ZS,13.5343603549909,13.0356726825138,13.0646377793546,13.1373520395557,14.3314907823789
Netherlands,NLD,Tax revenue (% of GDP),GC.TAX.TOTL.GD.ZS,21.9051101382534,23.0855413427696,23.0563304034822,24.0454827779179,24.2729925821309
Russian Federation,RUS,Tax revenue (% of GDP),GC.TAX.TOTL.GD.ZS,9.18312209969854,10.2884056740183,11.4687676015317,10.938399737976,10.8336155236019
Saudi Arabia,SAU,Tax revenue (% of GDP),GC.TAX.TOTL.GD.ZS,3.38998150725739,3.384836427853,8.59720386082995,7.30210383063642,8.59939477379627
Spain,ESP,Tax revenue (% of GDP),GC.TAX.TOTL.GD.ZS,..,13.7223107291971,14.2328459625068,13.7612054244098,13.5272757739218
Switzerland,CHE,Tax revenue (% of GDP),GC.TAX.TOTL.GD.ZS,9.30042803315799,9.92912781437063,9.55965751912104,9.76639006437332,9.21614052636892
Turkiye,TUR,Tax revenue (% of GDP),GC.TAX.TOTL.GD.ZS,18.2655872255633,17.7181577427261,17.2771971251773,16.5264011121809,17.6472612007004
United Kingdom,GBR,Tax revenue (% of GDP),GC.TAX.TOTL.GD.ZS,25.0993485196649,25.3769056282762,25.2595222546197,24.9289335307365,24.2579803299973
United States,USA,Tax revenue (% of GDP),GC.TAX.TOTL.GD.ZS,10.914137483561,11.7489196063404,9.92503246635575,10.0305627987424,9.94030613469903
Afghanistan,AFG,Tax revenue (% of GDP),GC.TAX.TOTL.GD.ZS,9.50265278288094,9.89845089688421,..,..,..
Albania,ALB,Tax revenue (% of GDP),GC.TAX.TOTL.GD.ZS,17.590229809729,18.8874919791442,18.5459516560754,18.1443771903866,17.017906947217
Algeria,DZA,Tax revenue (% of GDP),GC.TAX.TOTL.GD.ZS,..,..,..,..,..
American Samoa,ASM,Tax revenue (% of GDP),GC.TAX.TOTL.GD.ZS,..,..,..,..,..
Andorra,AND,Tax revenue (% of GDP),GC.TAX.TOTL.GD.ZS,..,..,..,..,..
Angola,AGO,Tax revenue (% of GDP),GC.TAX.TOTL.GD.ZS,9.73251248352788,9.223777502108,9.64477850341357,10.090385804431,..
Antigua and Barbuda,ATG,Tax revenue (% of GDP),GC.TAX.TOTL.GD.ZS,..,..,..,..,..
Armenia,ARM,Tax revenue (% of GDP),GC.TAX.TOTL.GD.ZS,21.2773752756378,20.7806533587524,20.8701039031814,22.2851709900772,21.8612626914491
Aruba,ABW,Tax revenue (% of GDP),GC.TAX.TOTL.GD.ZS,..,..,..,..,..
Austria,AUT,Tax revenue (% of GDP),GC.TAX.TOTL.GD.ZS,25.4191692326751,25.4222261761887,25.4076193241235,25.5597185479701,24.2967241216769
Azerbaijan,AZE,Tax revenue (% of GDP),GC.TAX.TOTL.GD.ZS,14.5555165725558,13.1640455061148,12.9712717874444,14.2188526451777,..
"Bahamas, The",BHS,Tax revenue (% of GDP),GC.TAX.TOTL.GD.ZS,14.1893439828976,14.897433080938,14.3908966901331,16.6658935176763,19.1583170988195
Bahrain,BHR,Tax revenue (% of GDP),GC.TAX.TOTL.GD.ZS,..,..,..,..,..
Bangladesh,BGD,Tax revenue (% of GDP),GC.TAX.TOTL.GD.ZS,7.31691184755758,6.99714263243688,7.73177216647423,7.63863895493657,7.00153652321841
Barbados,BRB,Tax revenue (% of GDP),GC.TAX.TOTL.GD.ZS,27.4784601628837,..,..,..,..
Belarus,BLR,Tax revenue (% of GDP),GC.TAX.TOTL.GD.ZS,13.7882356123814,13.0190056104974,14.6725689698389,13.3015061393462,12.0229071990569
Belgium,BEL,Tax revenue (% of GDP),GC.TAX.TOTL.GD.ZS,22.8423291844664,23.4482589712933,24.0064317613206,22.6405254779567,22.1190130306318
Belize,BLZ,Tax revenue (% of GDP),GC.TAX.TOTL.GD.ZS,25.7292503403163,26.2193268503058,..,..,..
Benin,BEN,Tax revenue (% of GDP),GC.TAX.TOTL.GD.ZS,..,..,..,..,..
Bermuda,BMU,Tax revenue (% of GDP),GC.TAX.TOTL.GD.ZS,..,..,..,..,..
Bhutan,BTN,Tax revenue (% of GDP),GC.TAX.TOTL.GD.ZS,12.9794732034214,12.5415621434496,16.6854549283115,15.6412080939078,13.0389085289592
Bolivia,BOL,Tax revenue (% of GDP),GC.TAX.TOTL.GD.ZS,..,..,..,..,..
Bosnia and Herzegovina,BIH,Tax revenue (% of GDP),GC.TAX.TOTL.GD.ZS,19.9514911959954,20.2593373199104,20.4407478382483,20.1013532912903,19.0093054070507
Botswana,BWA,Tax revenue (% of GDP),GC.TAX.TOTL.GD.ZS,21.630056769871,23.9584059925454,21.8917225473597,21.1363756593869,22.319811695263
British Virgin Islands,VGB,Tax revenue (% of GDP),GC.TAX.TOTL.GD.ZS,..,..,..,..,..
Brunei Darussalam,BRN,Tax revenue (% of GDP),GC.TAX.TOTL.GD.ZS,..,..,..,..,..
Bulgaria,BGR,Tax revenue (% of GDP),GC.TAX.TOTL.GD.ZS,20.3242794923867,20.5117038349021,19.9038858022427,20.4737609542544,20.3693585536244
Burkina Faso,BFA,Tax revenue (% of GDP),GC.TAX.TOTL.GD.ZS,14.1391533049498,15.2607212259008,15.2924120845571,15.5000891974549,13.2753560785655
Burundi,BDI,Tax revenue (% of GDP),GC.TAX.TOTL.GD.ZS,..,..,..,..,..
Cabo Verde,CPV,Tax revenue (% of GDP),GC.TAX.TOTL.GD.ZS,18.6038176606685,20.0867526837254,..,..,..
Cambodia,KHM,Tax revenue (% of GDP),GC.TAX.TOTL.GD.ZS,14.8258905524274,15.7887189326961,17.0520845477052,19.7320552255634,17.8851133671755
Cameroon,CMR,Tax revenue (% of GDP),GC.TAX.TOTL.GD.ZS,11.6520313878748,11.8759411884958,12.3469457091006,..,..
Canada,CAN,Tax revenue (% of GDP),GC.TAX.TOTL.GD.ZS,12.496562633144,12.6120166809848,13.0576846693075,12.7658792001364,13.295032907914
Cayman Islands,CYM,Tax revenue (% of GDP),GC.TAX.TOTL.GD.ZS,..,..,..,..,..
Central African Republic,CAF,Tax revenue (% of GDP),GC.TAX.TOTL.GD.ZS,6.80758893701064,7.08124424919758,8.63983071970915,8.31845804475991,8.70964482691346
Chad,TCD,Tax revenue (% of GDP),GC.TAX.TOTL.GD.ZS,..,..,..,..,..
Channel Islands,CHI,Tax revenue (% of GDP),GC.TAX.TOTL.GD.ZS,..,..,..,..,..
Chile,CHL,Tax revenue (% of GDP),GC.TAX.TOTL.GD.ZS,17.4689644143458,17.5057946834574,18.3955244984208,17.8536189853873,16.2449324644776
Colombia,COL,Tax revenue (% of GDP),GC.TAX.TOTL.GD.ZS,14.3852129298513,14.8508184081791,14.6743295095342,15.0849896448186,14.2276854392606
Comoros,COM,Tax revenue (% of GDP),GC.TAX.TOTL.GD.ZS,..,..,..,..,..
"Congo, Dem. Rep.",COD,Tax revenue (% of GDP),GC.TAX.TOTL.GD.ZS,..,..,..,..,..
"Congo, Rep.",COG,Tax revenue (% of GDP),GC.TAX.TOTL.GD.ZS,13.8127993907365,11.3692832278677,7.7502405556671,7.78456050520683,8.94572883998308
Costa Rica,CRI,Tax revenue (% of GDP),GC.TAX.TOTL.GD.ZS,13.5108543354557,13.244102554611,13.1821486851432,13.3742076106881,12.3236447240913
Cote d'Ivoire,CIV,Tax revenue (% of GDP),GC.TAX.TOTL.GD.ZS,11.5663455369133,11.9669833257913,11.7687552395283,12.0328548304303,..
Croatia,HRV,Tax revenue (% of GDP),GC.TAX.TOTL.GD.ZS,21.064041852235,21.219437152137,21.5284420899666,21.7013812953985,20.6997612359575
Cuba,CUB,Tax revenue (% of GDP),GC.TAX.TOTL.GD.ZS,..,..,..,..,..
Curacao,CUW,Tax revenue (% of GDP),GC.TAX.TOTL.GD.ZS,..,..,..,..,..
Cyprus,CYP,Tax revenue (% of GDP),GC.TAX.TOTL.GD.ZS,23.6210031622867,23.9295495410235,24.1393885177525,23.471594299177,22.7760012175079
Czechia,CZE,Tax revenue (% of GDP),GC.TAX.TOTL.GD.ZS,14.9127775532102,15.0055285503497,14.8364085391609,14.7717028406583,14.3760338031117
Denmark,DNK,Tax revenue (% of GDP),GC.TAX.TOTL.GD.ZS,33.2950594843919,33.3998795843063,32.2352444013286,34.5837584924653,33.9850239328442
Djibouti,DJI,Tax revenue (% of GDP),GC.TAX.TOTL.GD.ZS,..,..,..,..,..
Dominica,DMA,Tax revenue (% of GDP),GC.TAX.TOTL.GD.ZS,..,..,..,..,..
Dominican Republic,DOM,Tax revenue (% of GDP),GC.TAX.TOTL.GD.ZS,12.9108685475088,13.030751059434,13.0249349887579,13.3027785951135,12.3898799024195
Ecuador,ECU,Tax revenue (% of GDP),GC.TAX.TOTL.GD.ZS,..,..,..,13.3992280962085,12.5355339786329
"Egypt, Arab Rep.",EGY,Tax revenue (% of GDP),GC.TAX.TOTL.GD.ZS,..,..,..,..,..
El Salvador,SLV,Tax revenue (% of GDP),GC.TAX.TOTL.GD.ZS,17.3547756189279,17.7537510645061,18.128923536318,18.0710169961623,18.6016156683464
Equatorial Guinea,GNQ,Tax revenue (% of GDP),GC.TAX.TOTL.GD.ZS,6.38440698934831,5.9818468716613,6.16890887868684,9.30194336304014,7.84840052946937
Eritrea,ERI,Tax revenue (% of GDP),GC.TAX.TOTL.GD.ZS,..,..,..,..,..
Estonia,EST,Tax revenue (% of GDP),GC.TAX.TOTL.GD.ZS,21.7746900736669,20.941809328623,21.0521659656741,21.3177851522539,21.1769384666863
Eswatini,SWZ,Tax revenue (% of GDP),GC.TAX.TOTL.GD.ZS,..,..,..,..,..
Ethiopia,ETH,Tax revenue (% of GDP),GC.TAX.TOTL.GD.ZS,8.08706553329928,7.6039292287321,7.519920423209,6.66174132174475,6.19629946992619
Faroe Islands,FRO,Tax revenue (% of GDP),GC.TAX.TOTL.GD.ZS,..,..,..,..,..
Fiji,FJI,Tax revenue (% of GDP),GC.TAX.TOTL.GD.ZS,23.5346235421212,24.669942067799,23.9933534165529,22.6767801333056,18.8486607481974
Finland,FIN,Tax revenue (% of GDP),GC.TAX.TOTL.GD.ZS,20.8134499213858,20.7338898193115,20.8238388130279,20.6689958807932,19.8495766717788
French Polynesia,PYF,Tax revenue (% of GDP),GC.TAX.TOTL.GD.ZS,..,..,..,..,..
Gabon,GAB,Tax revenue (% of GDP),GC.TAX.TOTL.GD.ZS,11.4680637070479,11.0849703006568,10.2153363843183,11.4795282431197,..
"Gambia, The",GMB,Tax revenue (% of GDP),GC.TAX.TOTL.GD.ZS,..,..,..,..,..
Georgia,GEO,Tax revenue (% of GDP),GC.TAX.TOTL.GD.ZS,23.5034602076125,23.3401044119956,22.430795033117,23.1173329727924,21.4053148501443
Ghana,GHA,Tax revenue (% of GDP),GC.TAX.TOTL.GD.ZS,11.058329312953,11.5770311564905,12.2442416661964,11.9969957643922,11.3404319629997
Gibraltar,GIB,Tax revenue (% of GDP),GC.TAX.TOTL.GD.ZS,..,..,..,..,..
Greece,GRC,Tax revenue (% of GDP),GC.TAX.TOTL.GD.ZS,26.669658017698,26.4585125001209,26.9451025864247,26.1942128028413,24.7558728163889
Greenland,GRL,Tax revenue (% of GDP),GC.TAX.TOTL.GD.ZS,..,..,..,..,..
Grenada,GRD,Tax revenue (% of GDP),GC.TAX.TOTL.GD.ZS,..,..,..,..,..
Guam,GUM,Tax revenue (% of GDP),GC.TAX.TOTL.GD.ZS,..,..,..,..,..
Guatemala,GTM,Tax revenue (% of GDP),GC.TAX.TOTL.GD.ZS,10.4215148794664,9.15694761418877,10.5781802592295,10.456023917976,9.96975619566429
Guinea,GIN,Tax revenue (% of GDP),GC.TAX.TOTL.GD.ZS,..,..,..,..,..
Guinea-Bissau,GNB,Tax revenue (% of GDP),GC.TAX.TOTL.GD.ZS,..,10.3228332008281,..,9.46207435827386,..
Guyana,GUY,Tax revenue (% of GDP),GC.TAX.TOTL.GD.ZS,..,..,..,..,..
Haiti,HTI,Tax revenue (% of GDP),GC.TAX.TOTL.GD.ZS,..,..,..,..,..
Honduras,HND,Tax revenue (% of GDP),GC.TAX.TOTL.GD.ZS,..,..,..,..,14.7653972304235
"Hong Kong SAR, China",HKG,Tax revenue (% of GDP),GC.TAX.TOTL.GD.ZS,..,..,..,..,..
Hungary,HUN,Tax revenue (% of GDP),GC.TAX.TOTL.GD.ZS,23.0627430788909,22.877453037073,22.5315651787791,22.4316119654261,22.9356776524362
Iceland,ISL,Tax revenue (% of GDP),GC.TAX.TOTL.GD.ZS,37.612849787134,23.9232132016805,22.9729257984968,21.7763783168196,22.3107177192365
"Iran, Islamic Rep.",IRN,Tax revenue (% of GDP),GC.TAX.TOTL.GD.ZS,..,..,..,..,..
Iraq,IRQ,Tax revenue (% of GDP),GC.TAX.TOTL.GD.ZS,2.07780523585979,2.68703020692064,1.98400716286706,1.34459361810327,..
Ireland,IRL,Tax revenue (% of GDP),GC.TAX.TOTL.GD.ZS,19.0549825424419,18.2991701971235,18.130297170773,17.7317453328817,16.50888955085
Isle of Man,IMN,Tax revenue (% of GDP),GC.TAX.TOTL.GD.ZS,..,..,..,..,..
Israel,ISR,Tax revenue (% of GDP),GC.TAX.TOTL.GD.ZS,23.2793454776708,24.443499369942,22.8793589911165,22.3613927585863,22.2339013412209
Jamaica,JAM,Tax revenue (% of GDP),GC.TAX.TOTL.GD.ZS,26.0266694669571,26.2210037607905,26.7810665699502,27.4539417450804,25.7094656957291
Jordan,JOR,Tax revenue (% of GDP),GC.TAX.TOTL.GD.ZS,15.0206304355319,14.7729472530104,14.8793706408414,14.8140383242855,15.9820981934763
Kazakhstan,KAZ,Tax revenue (% of GDP),GC.TAX.TOTL.GD.ZS,9.92425019653,10.3030113756124,11.7177995865876,11.78694274063,8.3188093138288
Kenya,KEN,Tax revenue (% of GDP),GC.TAX.TOTL.GD.ZS,14.9664727307544,15.0524641340645,14.3612789172776,15.1001093470909,14.2985362392681
Kiribati,KIR,Tax revenue (% of GDP),GC.TAX.TOTL.GD.ZS,24.8957894943223,21.8608282977606,21.3170252213148,27.1928968041882,26.2829839548392
"Korea, Dem. People's Rep.",PRK,Tax revenue (% of GDP),GC.TAX.TOTL.GD.ZS,..,..,..,..,..
Kosovo,XKX,Tax revenue (% of GDP),GC.TAX.TOTL.GD.ZS,..,..,..,..,..
Kuwait,KWT,Tax revenue (% of GDP),GC.TAX.TOTL.GD.ZS,..,..,..,..,..
Kyrgyz Republic,KGZ,Tax revenue (% of GDP),GC.TAX.TOTL.GD.ZS,16.9491731803417,17.0462850607483,17.998857013595,16.8640679486618,..
Lao PDR,LAO,Tax revenue (% of GDP),GC.TAX.TOTL.GD.ZS,..,..,..,..,..
Latvia,LVA,Tax revenue (% of GDP),GC.TAX.TOTL.GD.ZS,23.5038978134329,23.4795127950225,22.8267371817463,21.2874557033197,22.3872407973424
Lebanon,LBN,Tax revenue (% of GDP),GC.TAX.TOTL.GD.ZS,13.5253568934481,15.359881763724,15.3254054569127,15.4053905267419,10.8787878397453
Lesotho,LSO,Tax revenue (% of GDP),GC.TAX.TOTL.GD.ZS,29.291896125113,33.0152710236718,32.3479908618271,31.7383162359618,18.3132914676148
Liberia,LBR,Tax revenue (% of GDP),GC.TAX.TOTL.GD.ZS,..,..,..,..,..
Libya,LBY,Tax revenue (% of GDP),GC.TAX.TOTL.GD.ZS,..,..,..,..,..
Liechtenstein,LIE,Tax revenue (% of GDP),GC.TAX.TOTL.GD.ZS,..,..,..,..,..
Lithuania,LTU,Tax revenue (% of GDP),GC.TAX.TOTL.GD.ZS,16.9315977516197,16.6506470517037,16.7840625389502,20.0065002219613,19.9898689530617
Luxembourg,LUX,Tax revenue (% of GDP),GC.TAX.TOTL.GD.ZS,23.7675096749456,24.5181470528935,26.5276554007983,26.3871016161829,25.2409031624588
"Macao SAR, China",MAC,Tax revenue (% of GDP),GC.TAX.TOTL.GD.ZS,27.7752858871884,29.0042073133468,29.3866491174882,29.7120968461877,21.620330754376
Madagascar,MDG,Tax revenue (% of GDP),GC.TAX.TOTL.GD.ZS,9.24485187359524,10.0275447299671,10.3931176196193,10.4671183350686,9.39536253989541
Malawi,MWI,Tax revenue (% of GDP),GC.TAX.TOTL.GD.ZS,15.4890813193579,12.184301943268,12.1738782494507,12.0039896109349,11.7192837869008
Malaysia,MYS,Tax revenue (% of GDP),GC.TAX.TOTL.GD.ZS,13.5507251724192,12.9459662411797,12.0226658594691,11.9330384903051,10.8991632283073
Maldives,MDV,Tax revenue (% of GDP),GC.TAX.TOTL.GD.ZS,..,..,..,..,..
Mali,MLI,Tax revenue (% of GDP),GC.TAX.TOTL.GD.ZS,15.3959707239547,15.8828451038729,11.6697373131735,14.5011383710015,14.164539862528
Malta,MLT,Tax revenue (% of GDP),GC.TAX.TOTL.GD.ZS,25.2291635404822,25.0156675889645,25.0323153088398,24.6831874813841,23.8093921621168
Marshall Islands,MHL,Tax revenue (% of GDP),GC.TAX.TOTL.GD.ZS,17.383247258585,17.6628221502307,17.7896997548162,18.0911595298871,16.968662665506
Mauritania,MRT,Tax revenue (% of GDP),GC.TAX.TOTL.GD.ZS,..,..,..,..,..
Mauritius,MUS,Tax revenue (% of GDP),GC.TAX.TOTL.GD.ZS,18.1284135107472,18.546871105925,19.1247260086108,19.9470637466031,21.6182842338769
"Micronesia, Fed. Sts.",FSM,Tax revenue (% of GDP),GC.TAX.TOTL.GD.ZS,6.00349148812455,10.4078806698616,25.1962738500986,19.0215708853129,6.43394851578401
Moldova,MDA,Tax revenue (% of GDP),GC.TAX.TOTL.GD.ZS,16.2457923041723,17.4426122439336,17.6916295244774,17.3103603225812,17.4130846661826
Monaco,MCO,Tax revenue (% of GDP),GC.TAX.TOTL.GD.ZS,..,..,..,..,..
Mongolia,MNG,Tax revenue (% of GDP),GC.TAX.TOTL.GD.ZS,11.3509934513522,13.5469084470374,16.6885283140447,16.8505209165632,14.1457872327323
Montenegro,MNE,Tax revenue (% of GDP),GC.TAX.TOTL.GD.ZS,..,..,..,..,..
Morocco,MAR,Tax revenue (% of GDP),GC.TAX.TOTL.GD.ZS,21.4558870095265,21.755347231022,21.8741833125173,21.4178488698103,21.1790535694679
Mozambique,MOZ,Tax revenue (% of GDP),GC.TAX.TOTL.GD.ZS,20.2988701657895,22.1882969379744,21.438117115238,26.8956427376314,21.843737127879
Myanmar,MMR,Tax revenue (% of GDP),GC.TAX.TOTL.GD.ZS,7.70519610658228,6.58100940372646,2.97848674879625,6.4392728287842,..
Namibia,NAM,Tax revenue (% of GDP),GC.TAX.TOTL.GD.ZS,30.0963059722433,31.6946329262149,29.1800882337375,30.3509104268482,31.2247097527819
Nauru,NRU,Tax revenue (% of GDP),GC.TAX.TOTL.GD.ZS,24.6909358905109,22.550184862069,30.4662678875,36.0001730481928,48.2369051461988
Nepal,NPL,Tax revenue (% of GDP),GC.TAX.TOTL.GD.ZS,16.1437497567593,17.9993621205329,19.0828260582089,19.8090602392694,15.7736497317263
New Caledonia,NCL,Tax revenue (% of GDP),GC.TAX.TOTL.GD.ZS,..,..,..,..,..
New Zealand,NZL,Tax revenue (% of GDP),GC.TAX.TOTL.GD.ZS,27.2858138171791,27.3235237479539,27.4683459179243,28.0922130957783,27.5013675051377
Nicaragua,NIC,Tax revenue (% of GDP),GC.TAX.TOTL.GD.ZS,16.1664462040546,16.5737916199832,15.6994164536848,17.5634074904967,17.199429975339
Niger,NER,Tax revenue (% of GDP),GC.TAX.TOTL.GD.ZS,..,..,..,..,..
Nigeria,NGA,Tax revenue (% of GDP),GC.TAX.TOTL.GD.ZS,..,..,..,..,..
North Macedonia,MKD,Tax revenue (% of GDP),GC.TAX.TOTL.GD.ZS,16.9511578216024,17.1611135905492,17.5749363175957,17.0832810795126,16.4552395905972
Northern Mariana Islands,MNP,Tax revenue (% of GDP),GC.TAX.TOTL.GD.ZS,..,..,..,..,..
Norway,NOR,Tax revenue (% of GDP),GC.TAX.TOTL.GD.ZS,22.0871630406294,22.4775458505266,23.4623934269394,23.5015787919912,21.0850401961765
Oman,OMN,Tax revenue (% of GDP),GC.TAX.TOTL.GD.ZS,..,..,..,..,..
Pakistan,PAK,Tax revenue (% of GDP),GC.TAX.TOTL.GD.ZS,..,..,..,..,..
Palau,PLW,Tax revenue (% of GDP),GC.TAX.TOTL.GD.ZS,19.8169426937325,19.9500651945321,21.2373126210899,18.8853067104303,18.1715172681412
Panama,PAN,Tax revenue (% of GDP),GC.TAX.TOTL.GD.ZS,10.3775424740353,9.99594494922547,9.94356974028958,..,..
Papua New Guinea,PNG,Tax revenue (% of GDP),GC.TAX.TOTL.GD.ZS,12.9486285832779,12.6050017623511,13.1930287477157,13.0217239124958,11.4848845905786
Paraguay,PRY,Tax revenue (% of GDP),GC.TAX.TOTL.GD.ZS,9.55906333660439,9.95647441372393,10.0750585766838,9.99575607478918,9.51499928580985
Peru,PER,Tax revenue (% of GDP),GC.TAX.TOTL.GD.ZS,13.7875476429229,13.1743416510927,14.2863700354499,14.5254040570996,13.2018858999617
Philippines,PHL,Tax revenue (% of GDP),GC.TAX.TOTL.GD.ZS,13.0871006913218,13.5937937490496,14.0475332790366,14.4884730214742,13.9509857073673
Poland,POL,Tax revenue (% of GDP),GC.TAX.TOTL.GD.ZS,16.2305398427786,16.7944578319308,17.3956838262501,17.3008971310383,17.5605676129174
Portugal,PRT,Tax revenue (% of GDP),GC.TAX.TOTL.GD.ZS,22.3319932476097,22.3705879762207,22.6533467082473,22.2011920067777,22.0888302952111
Puerto Rico,PRI,Tax revenue (% of GDP),GC.TAX.TOTL.GD.ZS,..,..,..,..,..
Qatar,QAT,Tax revenue (% of GDP),GC.TAX.TOTL.GD.ZS,..,..,..,..,..
Romania,ROU,Tax revenue (% of GDP),GC.TAX.TOTL.GD.ZS,16.8520236625952,15.4729764935295,14.4941335685545,14.6022675550241,14.2803449645825
Rwanda,RWA,Tax revenue (% of GDP),GC.TAX.TOTL.GD.ZS,14.4234380857503,13.4513717050534,14.2430075727189,14.5954475699839,15.0597292540353
Samoa,WSM,Tax revenue (% of GDP),GC.TAX.TOTL.GD.ZS,24.247498586836,24.973114168757,25.4355364946368,26.174477677435,26.284607920028
San Marino,SMR,Tax revenue (% of GDP),GC.TAX.TOTL.GD.ZS,16.6895197107948,16.4688470309773,17.9568164942676,16.912733956372,16.1362612196271
Sao Tome and Principe,STP,Tax revenue (% of GDP),GC.TAX.TOTL.GD.ZS,..,..,..,..,..
Senegal,SEN,Tax revenue (% of GDP),GC.TAX.TOTL.GD.ZS,16.3711764463022,15.9064516552729,16.3781121567836,..,..
Serbia,SRB,Tax revenue (% of GDP),GC.TAX.TOTL.GD.ZS,23.2899150584378,24.068038298589,23.5981870443934,24.0497349284773,23.498018847837
Seychelles,SYC,Tax revenue (% of GDP),GC.TAX.TOTL.GD.ZS,30.341936558682,31.0696242292737,31.5175258864205,..,..
Sierra Leone,SLE,Tax revenue (% of GDP),GC.TAX.TOTL.GD.ZS,..,..,..,..,..
Singapore,SGP,Tax revenue (% of GDP),GC.TAX.TOTL.GD.ZS,13.3183581436362,13.992939377193,13.0099135410764,13.2011448425842,12.8865184095362
Sint Maarten (Dutch part),SXM,Tax revenue (% of GDP),GC.TAX.TOTL.GD.ZS,..,..,..,..,..
Slovak Republic,SVK,Tax revenue (% of GDP),GC.TAX.TOTL.GD.ZS,18.1478130539303,18.6157823991405,18.6126670700062,18.7031960572743,18.7711698747165
Slovenia,SVN,Tax revenue (% of GDP),GC.TAX.TOTL.GD.ZS,18.6066578234862,18.3381224192997,18.5256734499239,18.2234059116215,16.9527051488888
Solomon Islands,SLB,Tax revenue (% of GDP),GC.TAX.TOTL.GD.ZS,23.8593203071145,24.531298904462,26.1899822434295,22.9268464129198,20.918893453808
Somalia,SOM,Tax revenue (% of GDP),GC.TAX.TOTL.GD.ZS,..,0.000110002195891172,0.00012794313694577,0.000106728147770465,7.7785176523098E-05
South Africa,ZAF,Tax revenue (% of GDP),GC.TAX.TOTL.GD.ZS,24.8283559884696,24.76928728931,24.9206843785242,24.9568434886714,23.4537920449402
South Sudan,SSD,Tax revenue (% of GDP),GC.TAX.TOTL.GD.ZS,..,..,..,..,..
Sri Lanka,LKA,Tax revenue (% of GDP),GC.TAX.TOTL.GD.ZS,12.201389606995,12.5312519753631,11.9818702025727,11.5683593020374,8.09550619292258
St. Kitts and Nevis,KNA,Tax revenue (% of GDP),GC.TAX.TOTL.GD.ZS,18.3154768385609,17.3525830967969,..,..,13.5551192493681
St. Lucia,LCA,Tax revenue (% of GDP),GC.TAX.TOTL.GD.ZS,19.175934300331,18.2409274390719,..,..,..
St. Martin (French part),MAF,Tax revenue (% of GDP),GC.TAX.TOTL.GD.ZS,..,..,..,..,..
St. Vincent and the Grenadines,VCT,Tax revenue (% of GDP),GC.TAX.TOTL.GD.ZS,24.3521365490854,23.6990310377522,..,..,..
Sudan,SDN,Tax revenue (% of GDP),GC.TAX.TOTL.GD.ZS,7.39027026174951,..,..,..,..
Suriname,SUR,Tax revenue (% of GDP),GC.TAX.TOTL.GD.ZS,..,..,..,..,..
Sweden,SWE,Tax revenue (% of GDP),GC.TAX.TOTL.GD.ZS,28.120504703138,28.1273850866599,27.9091466033843,27.4127018295836,26.8500123514616
Syrian Arab Republic,SYR,Tax revenue (% of GDP),GC.TAX.TOTL.GD.ZS,..,..,..,..,..
Tajikistan,TJK,Tax revenue (% of GDP),GC.TAX.TOTL.GD.ZS,..,..,..,..,..
Tanzania,TZA,Tax revenue (% of GDP),GC.TAX.TOTL.GD.ZS,11.3903399368077,11.8265649712045,11.6950830864916,..,..
Thailand,THA,Tax revenue (% of GDP),GC.TAX.TOTL.GD.ZS,15.3620878369337,14.7796769747412,14.914909411556,14.6525754521795,14.4802979601735
Timor-Leste,TLS,Tax revenue (% of GDP),GC.TAX.TOTL.GD.ZS,14.9951350830007,19.8437459932309,24.805634190349,22.6420473553879,..
Togo,TGO,Tax revenue (% of GDP),GC.TAX.TOTL.GD.ZS,13.958278714904,13.0422275318246,12.7095433349677,13.1551874737248,..
Tonga,TON,Tax revenue (% of GDP),GC.TAX.TOTL.GD.ZS,..,..,..,..,..
Trinidad and Tobago,TTO,Tax revenue (% of GDP),GC.TAX.TOTL.GD.ZS,22.5930720421054,18.919934645106,19.9298361076822,..,..
Tunisia,TUN,Tax revenue (% of GDP),GC.TAX.TOTL.GD.ZS,..,..,..,..,..
Turkmenistan,TKM,Tax revenue (% of GDP),GC.TAX.TOTL.GD.ZS,..,..,..,..,..
Turks and Caicos Islands,TCA,Tax revenue (% of GDP),GC.TAX.TOTL.GD.ZS,..,..,..,..,..
Tuvalu,TUV,Tax revenue (% of GDP),GC.TAX.TOTL.GD.ZS,..,..,..,..,..
Uganda,UGA,Tax revenue (% of GDP),GC.TAX.TOTL.GD.ZS,11.1195629663956,11.604723672174,11.6828686480191,12.2363794693778,11.3911633065296
Ukraine,UKR,Tax revenue (% of GDP),GC.TAX.TOTL.GD.ZS,19.6301198096561,20.0523676996082,20.1425525138036,19.1961400966208,19.1514002992876
United Arab Emirates,ARE,Tax revenue (% of GDP),GC.TAX.TOTL.GD.ZS,0.0434946893962711,0.0664571906833831,0.0593102813299132,0.974042421526661,0.664230128490981
Uruguay,URY,Tax revenue (% of GDP),GC.TAX.TOTL.GD.ZS,21.8249441022183,18.2947500677407,18.5602992152633,18.154268227323,18.5521606847851
Uzbekistan,UZB,Tax revenue (% of GDP),GC.TAX.TOTL.GD.ZS,13.4329630615828,11.6417474022732,14.1576469701894,12.6953747017566,14.8674314897313
Vanuatu,VUT,Tax revenue (% of GDP),GC.TAX.TOTL.GD.ZS,16.8001853447767,17.1291719798923,17.8372704957726,17.5946605537459,14.2374077080676
"Venezuela, RB",VEN,Tax revenue (% of GDP),GC.TAX.TOTL.GD.ZS,..,..,..,..,..
Vietnam,VNM,Tax revenue (% of GDP),GC.TAX.TOTL.GD.ZS,..,..,..,..,..
Virgin Islands (U.S.),VIR,Tax revenue (% of GDP),GC.TAX.TOTL.GD.ZS,..,..,..,..,..
West Bank and Gaza,PSE,Tax revenue (% of GDP),GC.TAX.TOTL.GD.ZS,5.3138898775539,5.74072201287886,18.7818419132978,..,..
"Yemen, Rep.",YEM,Tax revenue (% of GDP),GC.TAX.TOTL.GD.ZS,..,..,..,..,..
Zambia,ZMB,Tax revenue (% of GDP),GC.TAX.TOTL.GD.ZS,13.3531814269452,15.1848569608409,16.5870654729348,16.6776226628035,16.442596894579
Zimbabwe,ZWE,Tax revenue (% of GDP),GC.TAX.TOTL.GD.ZS,15.4583408165803,15.8743745304837,13.6031256253675,..,..
Africa Eastern and Southern,AFE,Tax revenue (% of GDP),GC.TAX.TOTL.GD.ZS,17.1411302326103,17.8712241963788,17.8596939220735,18.6153982775272,..
Africa Western and Central,AFW,Tax revenue (% of GDP),GC.TAX.TOTL.GD.ZS,..,..,..,..,..
Arab World,ARB,Tax revenue (% of GDP),GC.TAX.TOTL.GD.ZS,..,..,..,..,..
Caribbean small states,CSS,Tax revenue (% of GDP),GC.TAX.TOTL.GD.ZS,22.1988177166822,20.1807645095805,20.6135922772312,..,..
Central Europe and the Baltics,CEB,Tax revenue (% of GDP),GC.TAX.TOTL.GD.ZS,17.6295225357987,17.6543585334809,17.6701470885904,17.7318999690508,17.7141917741135
Early-demographic dividend,EAR,Tax revenue (% of GDP),GC.TAX.TOTL.GD.ZS,12.6947166485759,12.5186054550345,13.1039868008682,..,..
East Asia & Pacific,EAS,Tax revenue (% of GDP),GC.TAX.TOTL.GD.ZS,11.4399420906736,11.6405295584337,11.5781134584622,11.1967905959826,10.6939978631773
East Asia & Pacific (excluding high income),EAP,Tax revenue (% of GDP),GC.TAX.TOTL.GD.ZS,9.62968018373719,9.82699448884963,9.52618932983731,9.04291672366009,8.55868387908286
East Asia & Pacific (IDA & IBRD countries),TEA,Tax revenue (% of GDP),GC.TAX.TOTL.GD.ZS,9.62984518067102,9.82713387214151,9.52641872961802,9.04321204197383,8.55912069623546
Euro area,EMU,Tax revenue (% of GDP),GC.TAX.TOTL.GD.ZS,19.4160984483035,19.0112662424119,19.1574327383128,19.2138358207406,18.9510300657227
Europe & Central Asia,ECS,Tax revenue (% of GDP),GC.TAX.TOTL.GD.ZS,19.2391951120285,19.1334292996851,19.2864882372427,19.2238998912093,18.9145764708413
Europe & Central Asia (excluding high income),ECA,Tax revenue (% of GDP),GC.TAX.TOTL.GD.ZS,13.0269427527854,13.4125968546022,14.0520041448444,13.5196444543042,13.5518538177014
Europe & Central Asia (IDA & IBRD countries),TEC,Tax revenue (% of GDP),GC.TAX.TOTL.GD.ZS,13.702340378646,14.0254056284394,14.581122391536,14.141269570596,14.182119471047
European Union,EUU,Tax revenue (% of GDP),GC.TAX.TOTL.GD.ZS,19.9631507248414,19.5704563650115,19.6627373064191,19.7457586595339,19.4835018144651
Fragile and conflict affected situations,FCS,Tax revenue (% of GDP),GC.TAX.TOTL.GD.ZS,..,..,..,..,..
Heavily indebted poor countries (HIPC),HPC,Tax revenue (% of GDP),GC.TAX.TOTL.GD.ZS,11.4375250105962,..,..,..,..
High income,HIC,Tax revenue (% of GDP),GC.TAX.TOTL.GD.ZS,15.4006845259175,15.7986728493402,15.2405469460974,15.2643841684079,15.0422311027508
IBRD only,IBD,Tax revenue (% of GDP),GC.TAX.TOTL.GD.ZS,11.4850637043639,11.6064675622861,11.6161909298406,11.2198017653641,10.9357129109273
IDA & IBRD total,IBT,Tax revenue (% of GDP),GC.TAX.TOTL.GD.ZS,11.4778930175922,11.5995760788333,11.6125772740088,11.2343224913297,10.9509431052906
IDA blend,IDB,Tax revenue (% of GDP),GC.TAX.TOTL.GD.ZS,..,..,..,..,..
IDA only,IDX,Tax revenue (% of GDP),GC.TAX.TOTL.GD.ZS,10.4246905439786,10.7332500693626,10.7351827321301,..,..
IDA total,IDA,Tax revenue (% of GDP),GC.TAX.TOTL.GD.ZS,..,..,..,..,..
Late-demographic dividend,LTE,Tax revenue (% of GDP),GC.TAX.TOTL.GD.ZS,10.7080358461879,10.9402142723363,10.8845555853551,10.4705553795951,9.96464340315271
Latin America & Caribbean,LCN,Tax revenue (% of GDP),GC.TAX.TOTL.GD.ZS,13.8255798921616,13.4668828766841,13.6016069972076,13.6068292613497,13.3830339130227
Latin America & Caribbean (excluding high income),LAC,Tax revenue (% of GDP),GC.TAX.TOTL.GD.ZS,13.5086206004637,13.1940355654581,13.2852093829761,13.3228056640451,13.1606483378006
Latin America & the Caribbean (IDA & IBRD countries),TLA,Tax revenue (% of GDP),GC.TAX.TOTL.GD.ZS,13.812685735493,13.4638748913835,13.5999458277444,13.6004196000685,13.3709795178372
Least developed countries: UN classification,LDC,Tax revenue (% of GDP),GC.TAX.TOTL.GD.ZS,10.0579666563172,10.1881472576656,10.2229639078569,..,..
Low & middle income,LMY,Tax revenue (% of GDP),GC.TAX.TOTL.GD.ZS,11.2216614642925,11.3590397114465,11.3646746434489,10.9553864618739,10.6687085608772
Low income,LIC,Tax revenue (% of GDP),GC.TAX.TOTL.GD.ZS,..,..,..,..,..
Lower middle income,LMC,Tax revenue (% of GDP),GC.TAX.TOTL.GD.ZS,11.6386600801631,11.7019796252041,12.1786062067749,..,..
Middle East & North Africa,MEA,Tax revenue (% of GDP),GC.TAX.TOTL.GD.ZS,..,..,..,..,..
Middle East & North Africa (excluding high income),MNA,Tax revenue (% of GDP),GC.TAX.TOTL.GD.ZS,..,..,..,..,..
Middle East & North Africa (IDA & IBRD countries),TMN,Tax revenue (% of GDP),GC.TAX.TOTL.GD.ZS,..,..,..,..,..
Middle income,MIC,Tax revenue (% of GDP),GC.TAX.TOTL.GD.ZS,11.2263827799333,11.3546020041333,11.3600817920797,10.9419633719004,10.6615527061702
North America,NAC,Tax revenue (% of GDP),GC.TAX.TOTL.GD.ZS,11.0492409953445,11.8226086815079,10.1924904967888,10.2640972896248,10.2267243379581
Not classified,INX,Tax revenue (% of GDP),GC.TAX.TOTL.GD.ZS,..,..,..,..,..
OECD members,OED,Tax revenue (% of GDP),GC.TAX.TOTL.GD.ZS,15.7228310741023,16.0910087801501,15.4529793406841,15.4752833939819,15.2975659011377
Other small states,OSS,Tax revenue (% of GDP),GC.TAX.TOTL.GD.ZS,..,..,..,..,..
Pacific island small states,PSS,Tax revenue (% of GDP),GC.TAX.TOTL.GD.ZS,22.0761616695424,22.8843238788961,23.6858706760568,22.5873746854489,19.6033967999849
Post-demographic dividend,PST,Tax revenue (% of GDP),GC.TAX.TOTL.GD.ZS,15.6473474663589,16.0707883730848,15.3872765146463,15.4321242490051,15.1867294142766
Pre-demographic dividend,PRE,Tax revenue (% of GDP),GC.TAX.TOTL.GD.ZS,..,..,..,..,..
Small states,SST,Tax revenue (% of GDP),GC.TAX.TOTL.GD.ZS,..,..,..,..,..
South Asia,SAS,Tax revenue (% of GDP),GC.TAX.TOTL.GD.ZS,10.9158353766252,11.1311116795485,11.7485242707148,..,..
South Asia (IDA & IBRD),TSA,Tax revenue (% of GDP),GC.TAX.TOTL.GD.ZS,10.9158353766252,11.1311116795485,11.7485242707148,..,..
Sub-Saharan Africa,SSF,Tax revenue (% of GDP),GC.TAX.TOTL.GD.ZS,..,..,..,..,..
Sub-Saharan Africa (excluding high income),SSA,Tax revenue (% of GDP),GC.TAX.TOTL.GD.ZS,..,..,..,..,..
Sub-Saharan Africa (IDA & IBRD countries),TSS,Tax revenue (% of GDP),GC.TAX.TOTL.GD.ZS,..,..,..,..,..
Upper middle income,UMC,Tax revenue (% of GDP),GC.TAX.TOTL.GD.ZS,11.1325414316606,11.2755329302288,11.173804519617,10.802671839093,10.5856297650934
World,WLD,Tax revenue (% of GDP),GC.TAX.TOTL.GD.ZS,13.8624538762557,14.1979384289774,13.8440424303049,13.7982728147195,13.5762929265977
,,,,,,,,
,,,,,,,,
,,,,,,,,
Data from database: World Development Indicators,,,,,,,,
Last Updated: 09/16/2022,,,,,,,,
